identifiant,password,nomDeNaissance,prenom,secondPrenom,titre,Gender,email,telephone,birthdate,AAAA,MM,JJ,departementDeNaissance,codeCommune,regionDeNaissance,codePaysDeNaissance,adresseFormatee,siren,createdAt,updatedAt
247095301100810,123,SCHULTZ,WYNNE,TAYO,MME,female,wynne@finances.gouv.fr,123456789,1931-01-21,1931,01,21,84,13201,93,99100,26 rue Desaix 75015 Paris,,120001011,2018-07-05T00:00:00.000Z,2018-07-05T00:00:00.000Z
1234567891011,123,MERCIER,ERIC,JULIEN,M,male,mercier_eric@mail.com,123456789,1969-03-17,1969,03,17,47,95277,95277,99100,97 BOULEVARD FRANÇOIS ROBERT 13016 MARSEILLE,,2018-07-05T00:00:00.000Z,2018-07-05T00:00:00.000Z
3_melaine,123,TROIS,MELAINE,EVELYNE,MME,female,trois_melaine@mail.com,123456789,1981-07-27,1981,07,27,13,13201,93,99100,120 BOULEVARD FRANÇOIS ROBERT 13016 MARSEILLE,,2018-07-05T00:00:00.000Z,2018-07-05T00:00:00.000Z
tatiana_no_family_name,123,,TATIANA,TONY,MME,male,cinq_tatiana@mail.com,123456789,1945-09-30,1945,09,30,13,13202,93,99100,Appartement 13 5 BOULEVARD BEAU SOLEIL 13015 MARSEILLE,,2018-07-05T00:00:00.000Z,2018-07-05T00:00:00.000Z
yvette_no_given_name,123,SIX,,,MME,female,six@mail.com,123456789,1971-03-25,1971,03,25,13,13203,93,99100,17 AVENUE DU MERLAN 13014 MARSEILLE ,,2018-07-05T00:00:00.000Z,2018-07-05T00:00:00.000Z
raymond_no_birthdate,123,SEPT,RAYMOND,,M,male,sept_raymond@mail.com,123456789,,,,,13,13203,93,9100,14 RUE NATIONALE 13001 MARSEILLE ,,2018-07-05T00:00:00.000Z,2018-07-05T00:00:00.000Z
lucien_no_gender,123,HUIT,LUCIEN,,M,,huit_lucien@mail.com,123456789,1925-11-18,1925,11,18,13,13204,93,99100,42 RUE ABBÉ DE L'ÉPÉE 13005 MARSEILLE,,2018-07-05T00:00:00.000Z,2018-07-05T00:00:00.000Z
alix_no_email,123,NEUF,ALIX,,MME,male,,123456789,1964-08-17,1964,08,17,13,13205,93,99100,100 BOULEVARD BAILLE 13005 MARSEILLE ,,2018-07-05T00:00:00.000Z,2018-07-05T00:00:00.000Z
guillaume_no_address,123,DIX,GUILLAUME,,M,male,dix_guillaume@mail.com,123456789,1990-01-18,1990,01,18,13,13206,93,99100,,,2018-07-05T00:00:00.000Z,2018-07-05T00:00:00.000Z
remi_no_phone,123,ONZE,REMI,MATHIEU,M,male,onze_remi@mail.com,,1992-02-25,1992,02,25,13,13207,93,99100,14 RUE DE LA FONTAINE AU ROI 75011 PARIS ,,2018-07-05T00:00:00.000Z,2018-07-05T00:00:00.000Z
marcel_no_birthcountry,123,DOUZE,MARCEL,SEBASTIEN,M,male,douze_marcel@mail.com,123456789,1943-09-08,1943,09,08,13,13208,93,,RESIDENCE PRESTIGE 3 RUE VOLTA 75003 PARIS,,2018-07-05T00:00:00.000Z,2018-07-05T00:00:00.000Z
sebastien_no_birthplace,123,TREIZE,SEBASTIEN,LAURENT,M,male,treize_sebastien@gmail.com,123456789,1977-09-02,1977,09,02,,13209,93,99100,57 RUE DU TEMPLE 75004 PARIS ,,2018-07-05T00:00:00.000Z,2018-07-05T00:00:00.000Z
vincent_empty,123,,,,,,,,,,,,,,,,,,2018-07-05T00:00:00.000Z,2018-07-05T00:00:00.000Z
barnard_not_string_family_name,123,!!!????,BARNARD,,M,male,quinze_barbard@gmail.com,123456789,1964-10-23,1964,10,23,13,13210,93,99100,99 RUE DE SÈVRES 75006 PARIS,,2018-07-05T00:00:00.000Z,2018-07-05T00:00:00.000Z
francois_not_string_birthdate,123,SEIZE,FRANCOIS,GERARD,M,male,seize_francois@gmail.com,123456789,!!!????,1950,01,06,13,13211,93,99100,10 PLACE CONSTANTIN BRANCUSI 75014 PARIS ,,2018-07-05T00:00:00.000Z,2018-07-05T00:00:00.000Z
nina_not_string_gender,123,DIXSEPT,NINA,JOSIANE,MME,??!!!!,dixsept_nina@gmail.com,123456789,1970-08-16,1970,08,16,13,13212,93,99100,Appartement A56 5 PLACE BERTONE 69004 LYON,,2018-07-05T00:00:00.000Z,2018-07-05T00:00:00.000Z
jean_not_string_email,123,DIXHUIT,JEAN,ERIC,M,male,!!?????,123456789,1992-04-23,1992,04,23,13,13213,93,99100,120 BOULEVARD FRANÇOIS ROBERT 13016 MARSEILLE,,2018-07-05T00:00:00.000Z,2018-07-05T00:00:00.000Z
beatrice_not_object_address,123,DIXNEUF,BEATRICE,SANDRINE,MME,female,dixneuf_beatrice@gmail.com,123456789,1968-05-22,1968,05,22,13,13214,93,,,,,
grabrielle_not_string_phone,123,VINGT,GABRIELLE,JANINE,MME,female,vingt_gabrielle@gmail.com,@�!!!!!!!!!!,1980-01-30,1980,01,30,13,13215,93,99100,17 AVENUE DU MERLAN 13014 MARSEILLE ,,2018-07-05T00:00:00.000Z,2018-07-05T00:00:00.000Z
dahli_not_string_birthcountry,123,VINGTUN,DAHLI,SIERRA,MME,female,vingtun_dahli@gmail.com,123456789,1989-11-09,1989,11,09,13,13216,93,?????!!!!_-₋,14 RUE NATIONALE 13001 MARSEILLE ,,2018-07-05T00:00:00.000Z,2018-07-05T00:00:00.000Z
marie_no_fd_dgfip,123,VINGTDEUX,MARIE,YVETTE,MME,female,vingtdeux_marie@gmail,123456789,1984-02-15,1984,02,15,13,13201,93,99100,43 RUE ABBÉ DE L'ÉPÉE 13005 MARSEILLE,,2018-07-05T00:00:00.000Z,2018-07-05T00:00:00.000Z
david_stranger_no_fd,123,VINGTTROIS,DAVID,CLEMENT,M,male,vingttrois_david@gmail.com,123456789,1976-09-12,1976,09,12,,,,99350,100 BOULEVARD BAILLE 13005 MARSEILLE ,,2018-07-05T00:00:00.000Z,2018-07-05T00:00:00.000Z
fella_stranger_no_birthplace_no_fd,123,VINGTQUATRE,FELLA,BAILEY,M,male,vingtquatre_fella@mail.com,123456789,1960-03-04,1960,03,04,,,,99350,57 RUE DU TEMPLE 75004 PARIS ,,2018-07-05T00:00:00.000Z,2018-07-05T00:00:00.000Z
emmry_stranger_presume_jour,123,VINGTCINQ,EMMRY,,M,male,vingtcinq_emmry@mail.com,123456789,1949-09-00,1949,09,00,,,,99134,98 RUE DE SÈVRES 75006 PARIS,,2018-07-05T00:00:00.000Z,2018-07-05T00:00:00.000Z
hugo_stranger_presume_mois_jour,123,VINGTSIX,HUGO,,M,male,vingtsix_hugo@mail.com,123456789,1954-00-00,1954,00,00,,,,99350,,,2018-07-05T00:00:00.000Z,2018-07-05T00:00:00.000Z
nadia_empty_but_email_and_given_name,123,VINGTSEPT,NADIA,, ,,vingtsept_nadia@mail.com,,,,,,,,,,,,2018-07-05T00:00:00.000Z,2018-07-05T00:00:00.000Z
frederique_stranger_null_birthplace_no_fd,123,VINGTHUIT,FREDERIQUE,,MME  ,female,vingthuit_frederique@mail.com,123456789,1994-08-03,1994,08,03,,,,,,,2018-07-05T00:00:00.000Z,2018-07-05T00:00:00.000Z
